cell,cycle_life,charge_policy,cycle,IR,Tavg,Tmin,Tmax,chargetime,QD,lable
45,487,6C(4%)-4.75C,1.0,0.017350584,32.3680817063228,30.063963,36.437531,10.101786666666886,1.0661633,1.0704726
45,487,6C(4%)-4.75C,2.0,0.017153347,32.76701842485301,30.414738,36.90921,10.097235000000122,1.0704726,1.0717604
45,487,6C(4%)-4.75C,3.0,0.017201968,32.73066342539167,30.132044,36.90163,10.096756666666867,1.0717604,1.0724554
45,487,6C(4%)-4.75C,4.0,0.017128119,32.652879974401294,30.32444,36.817158,10.097179999999934,1.0724554,1.0732507
45,487,6C(4%)-4.75C,5.0,0.017017327,32.85538630113641,30.473221,36.780483,10.097046666666817,1.0732507,1.0733266
45,487,6C(4%)-4.75C,6.0,0.017109172,32.578903574135104,29.975254,36.705673,10.097351666666752,1.0733266,1.0735512
45,487,6C(4%)-4.75C,7.0,0.017095776,32.423937638584654,29.95118,36.653172,10.097461666666641,1.0735512,1.0738926
45,487,6C(4%)-4.75C,8.0,0.016983535,32.58003657333331,30.020033,36.711067,10.181299999999949,1.0738926,1.0738957
45,487,6C(4%)-4.75C,9.0,0.017074864,32.40815378016528,29.807507,36.618301,10.180850000000161,1.0738957,1.0739754
45,487,6C(4%)-4.75C,10.0,0.017056372,32.445091591318686,29.989138,36.785988,10.097463333333387,1.0739754,1.0742947
45,487,6C(4%)-4.75C,11.0,0.017014485,32.55714436658363,29.81229,36.546368,10.180619999999909,1.0742947,1.0742788
45,487,6C(4%)-4.75C,12.0,0.017091684,32.35449963273626,29.494123,36.468456,10.09758166666652,1.0742788,1.0745759
45,487,6C(4%)-4.75C,13.0,0.017063063,32.601581866071406,29.985823,37.140881,10.180241666666795,1.0745759,1.0747776
45,487,6C(4%)-4.75C,14.0,0.016970186,32.81320079301758,30.122391,36.946789,10.180631666666644,1.0747776,1.0748364
45,487,6C(4%)-4.75C,15.0,0.017025298,32.649018238442835,29.95075,36.803612,10.180469999999817,1.0748364,1.0752119
45,487,6C(4%)-4.75C,16.0,0.016991919,32.818490231082116,30.182507,37.09137,10.09700833333336,1.0752119,1.0750312
45,487,6C(4%)-4.75C,17.0,0.016972438,32.777709503784656,30.115108,36.845016,10.097248333333118,1.0750312,1.0750459
45,487,6C(4%)-4.75C,18.0,0.016994406,32.71535712053204,29.989597,37.072781,10.180513333333753,1.0750459,1.0752492
45,487,6C(4%)-4.75C,19.0,0.016934354,32.8039895644748,30.478376,37.101574,10.097209999999905,1.0752492,1.0751644
45,487,6C(4%)-4.75C,20.0,0.016969362,32.76939900834026,30.041714,36.983501,10.180159999999644,1.0751644,1.0750977
45,487,6C(4%)-4.75C,21.0,0.016965969,32.59947487878801,30.232815,36.840988,10.180526666666749,1.0750977,1.0754081
45,487,6C(4%)-4.75C,22.0,0.01683791,32.777078345858236,30.532856,37.118587,10.09722166666664,1.0754081,1.0751705
45,487,6C(4%)-4.75C,23.0,0.016965054,32.57010732592597,30.071468,36.747601,10.180381666666653,1.0751705,1.0749607
45,487,6C(4%)-4.75C,24.0,0.016995737,32.36500629114961,29.863478,36.451405,10.09708833333328,1.0749607,1.0752048
45,487,6C(4%)-4.75C,25.0,0.016933002,32.59182136925641,30.15976,36.716076,10.18066000000011,1.0752048,1.0750747
45,487,6C(4%)-4.75C,26.0,0.017015094,32.44926647796621,29.921982,36.703327,10.18066000000011,1.0750747,1.0751163
45,487,6C(4%)-4.75C,27.0,0.017040687,32.49959901325599,29.935837,36.482647,10.097311666666549,1.0751163,1.0754603
45,487,6C(4%)-4.75C,28.0,0.016871607,32.79798231083331,30.272398,36.877419,10.097044999999829,1.0754603,1.0752534
45,487,6C(4%)-4.75C,29.0,0.016961541,32.572204021775555,30.158609,36.806622,10.097103333333022,1.0752534,1.0750756
45,487,6C(4%)-4.75C,30.0,0.016976714,32.518494534453716,30.129768,36.927528,10.097031666666831,1.0750756,1.0752754
45,487,6C(4%)-4.75C,31.0,0.016958738,32.58434768304668,30.009138,36.711586,10.097193333333417,1.0752754,1.0751803
45,487,6C(4%)-4.75C,32.0,0.017095074,32.39050970176919,29.654409,36.713871,10.097213333333396,1.0751803,1.0752257
45,487,6C(4%)-4.75C,33.0,0.01701236,32.451404778790355,29.901819,36.997372,10.097139999999975,1.0752257,1.0752454
45,487,6C(4%)-4.75C,34.0,0.017007703,32.45668179623575,29.664576,36.802799,10.097238333333129,1.0752454,1.0753125
45,487,6C(4%)-4.75C,35.0,0.017027713,32.35870675042592,29.816605,37.039501,10.096785000000091,1.0753125,1.0754076
45,487,6C(4%)-4.75C,36.0,0.016919464,32.51334029897782,30.139277,37.051395,10.096929999999702,1.0754076,1.0754566
45,487,6C(4%)-4.75C,37.0,0.016999314,32.63455560184415,29.97105,37.058887,10.180431666667088,1.0754566,1.0753716
45,487,6C(4%)-4.75C,38.0,0.016952217,32.60602145833333,30.319456,37.094307,10.18047499999957,1.0753716,1.0755085
45,487,6C(4%)-4.75C,39.0,0.016906604,32.75879208898299,30.554789,37.045002,10.180489999999796,1.0755085,1.0753547
45,487,6C(4%)-4.75C,40.0,0.016899886,32.67273262993425,30.199526,36.790833,10.180325000000206,1.0753547,1.0752994
45,487,6C(4%)-4.75C,41.0,0.01701379,32.54999772803353,29.801144,36.736591,10.180673333333592,1.0752994,1.0756582
45,487,6C(4%)-4.75C,42.0,0.017046005,32.75246215282391,30.292089,37.043018,10.097530000000067,1.0756582,1.075316
45,487,6C(4%)-4.75C,43.0,0.016989395,32.62606956835132,29.930235,37.067997,10.097718333333129,1.075316,1.0752633
45,487,6C(4%)-4.75C,44.0,0.016968338,32.61545111813648,30.125288,37.079926,10.180355000000175,1.0752633,1.0755463
45,487,6C(4%)-4.75C,45.0,0.016886989,32.801026692052915,30.326454,37.187737,10.180723333333056,1.0755463,1.0752498
45,487,6C(4%)-4.75C,46.0,0.016970957,32.59094224262856,30.108736,37.014561,10.180234999999811,1.0752498,1.0750841
45,487,6C(4%)-4.75C,47.0,0.016952988,32.54395431583339,30.004347,36.569092,10.180343333332955,1.0750841,1.0753859
45,487,6C(4%)-4.75C,48.0,0.016905501,32.69883101336685,30.014973,37.02985,10.180846666666428,1.0753859,1.0751538
45,487,6C(4%)-4.75C,49.0,0.017014328,32.415544281432155,29.708658,36.888351,10.096823333333305,1.0751538,1.0751066
45,487,6C(4%)-4.75C,50.0,0.016965052,32.43428163605732,29.890297,37.155964,10.097683333333407,1.0751066,1.0753813
45,487,6C(4%)-4.75C,51.0,0.016956657,32.62558976016599,29.901609,36.901531,10.18014333333364,1.0753813,1.0753061
45,487,6C(4%)-4.75C,52.0,0.017071748,32.502225246472925,29.807444,37.203041,10.180526666666749,1.0753061,1.0751393
45,487,6C(4%)-4.75C,53.0,0.016943378,32.583877306188946,30.313051,37.263309,10.180721666665825,1.0751393,1.075158
45,487,6C(4%)-4.75C,54.0,0.016968483,32.63962775856311,29.979553,36.981709,10.180973333332805,1.075158,1.0749675
45,487,6C(4%)-4.75C,55.0,0.017039113,32.40886263494678,29.77755,36.922523,10.09717833333416,1.0749675,1.0750024
45,487,6C(4%)-4.75C,56.0,0.017039372,32.526448677100554,29.981186,37.212761,10.097101666666761,1.0750024,1.0749465
45,487,6C(4%)-4.75C,57.0,0.0170247,32.43611026919901,29.78953,37.127125,10.181176666666094,1.0749465,1.0747101
45,487,6C(4%)-4.75C,58.0,0.016961068,32.270346837324496,29.809635,36.66119,10.181058333333931,1.0747101,1.0749605
45,487,6C(4%)-4.75C,59.0,0.017101914,32.507589340214636,29.945892,37.143093,10.180729999999555,1.0749605,1.0748388
45,487,6C(4%)-4.75C,60.0,0.017013762,32.363438710373465,29.592497,36.917511,10.097471666665903,1.0748388,1.0748111
45,487,6C(4%)-4.75C,61.0,0.017020546,32.379716779069774,29.817606,37.00798,10.097139999999975,1.0748111,1.075081
45,487,6C(4%)-4.75C,62.0,0.016930986,32.70622055721392,30.341007,37.419346,10.097101666666761,1.075081,1.0749063
45,487,6C(4%)-4.75C,63.0,0.016989207,32.58535591588781,29.989498,37.233589,10.097369999999257,1.0749063,1.0746912
45,487,6C(4%)-4.75C,64.0,0.016971391,32.49873009918025,30.119974,37.065228,10.097360000000723,1.0746912,1.0750083
45,487,6C(4%)-4.75C,65.0,0.016950957,32.75489270868113,30.09103,37.329487,10.180451666667553,1.0750083,1.0747478
45,487,6C(4%)-4.75C,66.0,0.017009337,32.60509221626151,29.816008,37.149586,10.097488333333361,1.0747478,1.074719
45,487,6C(4%)-4.75C,67.0,0.016947277,32.55073016269515,29.767349,37.187588,10.097251666666125,1.074719,1.0749007
45,487,6C(4%)-4.75C,68.0,0.016947277,32.79922152003262,30.208605,37.456001,10.097293333333335,1.0749007,1.0745975
45,487,6C(4%)-4.75C,69.0,0.016995478,32.62028260343433,29.945404,37.240105,10.180433333333333,1.0745975,1.074439
45,487,6C(4%)-4.75C,70.0,0.016998839,32.57499099019615,29.789806,37.18264,10.180681666666684,1.074439,1.074657
45,487,6C(4%)-4.75C,71.0,0.016953979,32.77321623697063,30.074844,37.258579,10.097059999999995,1.074657,1.0743822
45,487,6C(4%)-4.75C,72.0,0.017026966,32.53827332535097,29.790154,37.065647,10.097086666666655,1.0743822,1.0742793
45,487,6C(4%)-4.75C,73.0,0.017053321,32.44611666638799,29.637655,37.227108,10.097061666666681,1.0742793,1.0744495
45,487,6C(4%)-4.75C,74.0,0.016966127,32.62434457002458,29.869629,37.296467,10.18060666666667,1.0744495,1.0743902
45,487,6C(4%)-4.75C,75.0,0.017020823,32.56359912499992,29.917837,37.412033,10.180453333333329,1.0743902,1.0743364
45,487,6C(4%)-4.75C,76.0,0.01697774,32.728435605809125,30.066002,37.85524,10.096930000000006,1.0743364,1.0743856
45,487,6C(4%)-4.75C,77.0,0.016942775,32.74449612993422,30.096804,37.579613,10.180236666666678,1.0743856,1.0741214
45,487,6C(4%)-4.75C,78.0,0.016948897,32.55397336708855,30.07098,37.202686,10.097221666666762,1.0741214,1.0741876
45,487,6C(4%)-4.75C,79.0,0.017037101,32.68306374725267,30.022814,37.340622,10.180463333333318,1.0741876,1.0739692
45,487,6C(4%)-4.75C,80.0,0.017006988,32.54800406845754,29.810946,37.155502,10.180463333333318,1.0739692,1.0738987
45,487,6C(4%)-4.75C,81.0,0.01707777,32.467897159493766,29.610355,37.065006,10.097101666666761,1.0738987,1.0741326
45,487,6C(4%)-4.75C,82.0,0.017120887,32.60179021301781,29.983297,37.327866,10.180443333333338,1.0741326,1.0738757
45,487,6C(4%)-4.75C,83.0,0.017045021,32.54976849545081,29.677097,37.192276,10.097249999999985,1.0738757,1.0737623
45,487,6C(4%)-4.75C,84.0,0.017068803,32.384745973355535,29.492605,37.117577,10.180691666666705,1.0737623,1.074155
45,487,6C(4%)-4.75C,85.0,0.017015012,32.814819122586144,30.04015,37.609192,10.180768333333374,1.074155,1.0739483
45,487,6C(4%)-4.75C,86.0,0.01702721,32.76121052155542,29.979973,37.710091,10.180500000000029,1.0739483,1.0737081
45,487,6C(4%)-4.75C,87.0,0.016909072,32.712625003241484,30.138891,37.344677,10.097139999999975,1.0737081,1.0739256
45,487,6C(4%)-4.75C,88.0,0.016913885,33.02199273457312,30.335081,37.555878,10.180339999999948,1.0739256,1.0736265
45,487,6C(4%)-4.75C,89.0,0.0169647,32.74875010744495,29.873663,37.252888,10.097678333333413,1.0736265,1.0736848
45,487,6C(4%)-4.75C,90.0,0.017068148,32.72286689526185,29.381407,37.755455,10.180245000000044,1.0736848,1.073751
45,487,6C(4%)-4.75C,91.0,0.016957464,32.89814603722086,30.044533,37.664124,10.180581666666694,1.073751,1.0735865
45,487,6C(4%)-4.75C,92.0,0.017013213,32.73995495290156,29.746077,37.81081,10.180713333333308,1.0735865,1.0733691
45,487,6C(4%)-4.75C,93.0,0.016916569,32.769236504541695,30.305288,37.933308,10.097233333333376,1.0733691,1.0734334
45,487,6C(4%)-4.75C,94.0,0.016923625,32.88183420343134,30.154619,37.705708,10.180678333333343,1.0734334,1.0732437
45,487,6C(4%)-4.75C,95.0,0.016974334,32.729442495791254,29.89784,37.542946,10.180849999999918,1.0732437,1.0731163
45,487,6C(4%)-4.75C,96.0,0.017051922,32.753534720297026,29.732653,37.768078,10.09737833333323,1.0731163,1.0730425
45,487,6C(4%)-4.75C,97.0,0.016980568,32.62708945214529,29.813089,37.262848,10.0975016666666,1.0730425,1.0729663
45,487,6C(4%)-4.75C,98.0,0.017080508,32.57025692929299,29.699039,37.287926,10.097391666666711,1.0729663,1.0732729
45,487,6C(4%)-4.75C,99.0,0.017132074,32.84724120280306,29.840092,37.714863,10.09685833333327,1.0732729,1.0730408
45,487,6C(4%)-4.75C,100.0,0.017026441,32.773204409282755,29.704617,37.693439,10.180804999999964,1.0730408,1.0730796
45,487,6C(4%)-4.75C,101.0,0.017026167,32.74403896949712,29.663084,38.153133,10.096968333333159,1.0730796,1.0729496
45,487,6C(4%)-4.75C,102.0,0.016880844,32.818473909315784,30.257978,37.866989,10.09700833333336,1.0729496,1.0726829
45,487,6C(4%)-4.75C,103.0,0.01699364,32.63248058818569,29.790936,37.555016,10.097206666666656,1.0726829,1.0725929
45,487,6C(4%)-4.75C,104.0,0.017074186,32.573219715242914,29.59474,37.465019,10.18066333333336,1.0725929,1.0727857
45,487,6C(4%)-4.75C,105.0,0.017030222,32.7248149474561,29.896097,37.658073,10.180431666666603,1.0727857,1.0725372
45,487,6C(4%)-4.75C,106.0,0.017044328,32.56059496169859,29.550495,37.603283,10.097213333333396,1.0725372,1.0724379
45,487,6C(4%)-4.75C,107.0,0.017014841,32.622252948825505,29.652918,37.88353,10.097270000000329,1.0724379,1.0725869
45,487,6C(4%)-4.75C,108.0,0.016949395,32.741843531172016,29.89344,37.505569,10.180561666666957,1.0725869,1.0724772
45,487,6C(4%)-4.75C,109.0,0.017022219,32.725477519262974,29.726814,37.894604,10.097010000000106,1.0724772,1.0725255
45,487,6C(4%)-4.75C,110.0,0.017005244,32.87306475165012,29.809275,38.629654,10.18036333333342,1.0725255,1.0726205
45,487,6C(4%)-4.75C,111.0,0.016878452,33.086852833748935,30.222492,38.061916,10.096779999999853,1.0726205,1.0723153
45,487,6C(4%)-4.75C,112.0,0.01694788,32.91962115505813,30.17062,37.884281,10.180678333333343,1.0723153,1.0721058
45,487,6C(4%)-4.75C,113.0,0.016980296,32.92835198027945,29.740812,37.674629,10.097100000000015,1.0721058,1.0722686
45,487,6C(4%)-4.75C,114.0,0.016968908,33.04508007160499,30.07004,37.849518,10.18050833333303,1.0722686,1.0721339
45,487,6C(4%)-4.75C,115.0,0.017011249,32.84983426394681,29.677229,38.164433,10.180301666666734,1.0721339,1.0719117
45,487,6C(4%)-4.75C,116.0,0.016916789,32.93792587719299,30.416094,38.337212,10.097095000000262,1.0719117,1.0719731
45,487,6C(4%)-4.75C,117.0,0.016923964,33.01819031639348,30.156986,38.018444,10.180443333333338,1.0719731,1.0717479
45,487,6C(4%)-4.75C,118.0,0.016957989,32.78845423445377,29.976854,37.843937,10.096880000000237,1.0717479,1.0717405
45,487,6C(4%)-4.75C,119.0,0.016994033,32.93485973890787,30.089355,38.048298,10.097080000000036,1.0717405,1.0716021
45,487,6C(4%)-4.75C,120.0,0.016970273,32.770915240400655,29.859394,37.860115,10.097131666666732,1.0716021,1.0714284
45,487,6C(4%)-4.75C,121.0,0.017009985,32.587621980115976,29.746134,37.827766,10.096921666666457,1.0714284,1.0714958
45,487,6C(4%)-4.75C,122.0,0.016954854,32.702401543496215,30.177675,37.899899,10.097033333333092,1.0714958,1.0713592
45,487,6C(4%)-4.75C,123.0,0.016978599,32.73979907269657,29.776209,37.885052,10.09768833333316,1.0713592,1.0713096
45,487,6C(4%)-4.75C,124.0,0.016984394,32.74917040000005,29.850698,38.052467,10.180436666666841,1.0713096,1.0714337
45,487,6C(4%)-4.75C,125.0,0.016862039,32.985277421184364,30.173281,38.339848,10.180463333333318,1.0714337,1.0710812
45,487,6C(4%)-4.75C,126.0,0.016942518,32.81005712531324,30.034302,37.97501,10.097213333333396,1.0710812,1.0707774
45,487,6C(4%)-4.75C,127.0,0.016968241,32.62669001474207,29.767115,37.592121,10.18181999999991,1.0707774,1.0709743
45,487,6C(4%)-4.75C,128.0,0.016976779,32.802488780608016,29.959305,37.771023,10.180603333333178,1.0709743,1.0707456
45,487,6C(4%)-4.75C,129.0,0.017023388,32.57937174064831,29.659855,37.756855,10.097171666666691,1.0707456,1.0706329
45,487,6C(4%)-4.75C,130.0,0.01703687,32.650217763179924,29.560724,37.888493,10.098041666666782,1.0706329,1.0707496
45,487,6C(4%)-4.75C,131.0,0.016941188,32.83236263713075,29.861631,38.046162,10.180463333333318,1.0707496,1.0705149
45,487,6C(4%)-4.75C,132.0,0.016962972,32.68162566946313,29.982185,38.251648,10.180651666666382,1.0705149,1.0704089
45,487,6C(4%)-4.75C,133.0,0.01694067,32.79985105004093,30.110142,38.379238,10.09829000000027,1.0704089,1.0705483
45,487,6C(4%)-4.75C,134.0,0.016941324,33.10978762647554,30.01223,38.245705,10.180491666666542,1.0705483,1.0702935
45,487,6C(4%)-4.75C,135.0,0.016958708,32.838238258891614,30.146761,38.127251,10.097175000000183,1.0702935,1.070037
45,487,6C(4%)-4.75C,136.0,0.016955066,32.98086287738194,29.809092,38.207638,10.184509999999621,1.070037,1.0701604
45,487,6C(4%)-4.75C,137.0,0.016891537,33.059087857498,30.253414,38.063885,10.09709999999953,1.0701604,1.0699424
45,487,6C(4%)-4.75C,138.0,0.016976701,32.80127560266005,29.961756,37.719769,10.182193333333029,1.0699424,1.0700517
45,487,6C(4%)-4.75C,139.0,0.017072203,32.92997490008323,29.891003,38.180279,10.099145000000135,1.0700517,1.0699149
45,487,6C(4%)-4.75C,140.0,0.016970612,32.917335958813915,29.940733,37.947296,10.098278333333534,1.0699149,1.0697634
45,487,6C(4%)-4.75C,141.0,0.017021263,32.83592550338978,30.002991,38.025375,10.182205000000733,1.0697634,1.0698117
45,487,6C(4%)-4.75C,142.0,0.016964667,32.97345583069225,30.273949,38.217602,10.098918333333375,1.0698117,1.0695802
45,487,6C(4%)-4.75C,143.0,0.01694699,32.930118596638714,30.025827,37.93375,10.099231666666068,1.0695802,1.069411
45,487,6C(4%)-4.75C,144.0,0.017006194,32.74230642291844,29.725479,37.852871,10.100403333334059,1.069411,1.069509
45,487,6C(4%)-4.75C,145.0,0.016941896,32.99430951951222,30.273714,38.104,10.184541666666822,1.069509,1.0691657
45,487,6C(4%)-4.75C,146.0,0.016989734,32.746220212978365,29.933214,37.922318,10.100321666666423,1.0691657,1.068936
45,487,6C(4%)-4.75C,147.0,0.017008586,32.72515813758392,29.806356,37.666424,10.185768333333545,1.068936,1.0691931
45,487,6C(4%)-4.75C,148.0,0.016969908,33.08333581433216,30.183451,38.176353,10.10045833333279,1.0691931,1.0688474
45,487,6C(4%)-4.75C,149.0,0.016969437,32.91543681943316,29.945543,37.882336,10.184630000000471,1.0688474,1.0687028
45,487,6C(4%)-4.75C,150.0,0.017034728,32.877699150582465,29.659733,37.696568,10.102455000000191,1.0687028,1.0687532
45,487,6C(4%)-4.75C,151.0,0.016912758,32.915858717557235,30.065189,37.972427,10.184209999999924,1.0687532,1.0684114
45,487,6C(4%)-4.75C,152.0,0.016973384,32.674853488429676,29.860678,37.815189,10.102731666666417,1.0684114,1.0682105
45,487,6C(4%)-4.75C,153.0,0.017025234,32.71447830511314,29.518923,37.867455,10.10516166666639,1.0682105,1.0683094
45,487,6C(4%)-4.75C,154.0,0.016978733,32.86422898833336,29.861382,37.928616,10.18587000000019,1.0683094,1.0680175
45,487,6C(4%)-4.75C,155.0,0.017028335,32.67403498530608,29.570078,37.636665,10.103729999999633,1.0680175,1.0680664
45,487,6C(4%)-4.75C,156.0,0.017110866,32.78002812625422,29.232338,38.045895,10.1054449999996,1.0680664,1.0680709
45,487,6C(4%)-4.75C,157.0,0.016959958,32.819320002506245,29.875731,38.039745,10.10340833333321,1.0680709,1.0679393
45,487,6C(4%)-4.75C,158.0,0.017008509,32.861558882640566,29.774998,38.04356,10.104156666667162,1.0679393,1.0680354
45,487,6C(4%)-4.75C,159.0,0.017040905,33.04066928899831,29.946243,38.536583,10.186648333332657,1.0680354,1.0678309
45,487,6C(4%)-4.75C,160.0,0.016939184,33.00585831574613,30.018953,38.242718,10.10305333333381,1.0678309,1.0676441
45,487,6C(4%)-4.75C,161.0,0.017012015,32.84522050336133,29.751322,38.144642,10.188218333333499,1.0676441,1.0676895
45,487,6C(4%)-4.75C,162.0,0.016983654,32.984732715004135,30.178865,38.325211,10.105105000000913,1.0676895,1.0674549
45,487,6C(4%)-4.75C,163.0,0.016952606,32.893501083263985,29.830641,38.04443,10.10426500000079,1.0674549,1.0673225
45,487,6C(4%)-4.75C,164.0,0.017002512,32.83249526874479,29.617907,38.0518,10.189651666667002,1.0673225,1.0674716
45,487,6C(4%)-4.75C,165.0,0.017001919,32.97762118303938,30.080015,38.222652,10.187501666665776,1.0674716,1.0671244
45,487,6C(4%)-4.75C,166.0,0.01698429,32.91174291473514,29.743429,38.028187,10.188904999999796,1.0671244,1.0670534
45,487,6C(4%)-4.75C,167.0,0.017030716,32.720996377703905,29.432587,38.314201,10.189093333333343,1.0670534,1.0671897
45,487,6C(4%)-4.75C,168.0,0.016955025,32.96154869155848,29.991816,38.07616,10.186651666666148,1.0671897,1.0667784
45,487,6C(4%)-4.75C,169.0,0.01705879,32.728049629445756,29.40769,37.86412,10.10702333333417,1.0667784,1.0667044
45,487,6C(4%)-4.75C,170.0,0.01705879,32.755206362126266,29.477743,38.301182,10.189918333333333,1.0667044,1.0668001
45,487,6C(4%)-4.75C,171.0,0.016892631,33.044558129752055,29.999207,38.29594,10.104768333333338,1.0668001,1.0665207
45,487,6C(4%)-4.75C,172.0,0.016941043,32.87341621201996,29.856926,38.320923,10.106628333333326,1.0665207,1.0663399
45,487,6C(4%)-4.75C,173.0,0.016935542,32.923456017441985,30.060356,38.866295,10.107600000000001,1.0663399,1.0664116
45,487,6C(4%)-4.75C,174.0,0.016886754,33.125996742040904,29.927231,38.403805,10.104484999999992,1.0664116,1.0660402
45,487,6C(4%)-4.75C,175.0,0.016974974,32.85436719701981,29.784004,38.400826,10.107881666666678,1.0660402,1.0658085
45,487,6C(4%)-4.75C,176.0,0.016925126,32.85190942416663,30.060303,38.480385,10.192461666666652,1.0658085,1.0658097
45,487,6C(4%)-4.75C,177.0,0.01694615,32.82330677984765,29.784124,38.152039,10.192226666666647,1.0658097,1.0656298
45,487,6C(4%)-4.75C,178.0,0.017029949,32.75917493129136,29.660698,38.050655,10.193731666666645,1.0656298,1.0656067
45,487,6C(4%)-4.75C,179.0,0.017071959,32.88547777395572,29.765795,38.519989,10.19366000000009,1.0656067,1.0654995
45,487,6C(4%)-4.75C,180.0,0.016968366,32.86685050505892,29.683527,38.383621,10.109029999999985,1.0654995,1.0653528
45,487,6C(4%)-4.75C,181.0,0.016976694,32.77570754283359,29.781378,38.521801,10.109984999999991,1.0653528,1.0653425
45,487,6C(4%)-4.75C,182.0,0.016880153,33.07702871440325,30.388138,38.654575,10.194714999999997,1.0653425,1.0652322
45,487,6C(4%)-4.75C,183.0,0.016941454,33.0998941928934,29.996565,38.540462,10.109930000000046,1.0652322,1.0649661
45,487,6C(4%)-4.75C,184.0,0.016949695,32.95501248780493,30.090567,38.276848,10.195326666666611,1.0649661,1.0650942
45,487,6C(4%)-4.75C,185.0,0.01695122,33.26953540533781,30.478693,38.751492,10.114850000000054,1.0650942,1.0648377
45,487,6C(4%)-4.75C,186.0,0.016931878,33.1863394995851,30.219597,38.697281,10.194581666666636,1.0648377,1.0644847
45,487,6C(4%)-4.75C,187.0,0.016942831,33.0125098872,30.057434,38.131321,10.198503333333308,1.0644847,1.0647403
45,487,6C(4%)-4.75C,188.0,0.016965859,33.24139894062758,30.331125,38.614941,10.198485000000073,1.0647403,1.0643969
45,487,6C(4%)-4.75C,189.0,0.017000491,33.07630744241924,29.923674,38.375938,10.11316666666656,1.0643969,1.0642442
45,487,6C(4%)-4.75C,190.0,0.017007947,32.952395252931346,29.810183,38.400486,10.114328333333106,1.0642442,1.0643221
45,487,6C(4%)-4.75C,191.0,0.016904194,33.16547803236513,30.232197,38.443539,10.112681666666564,1.0643221,1.0638698
45,487,6C(4%)-4.75C,192.0,0.016967429,32.9090464447194,29.918459,38.180344,10.200886666666824,1.0638698,1.0637294
45,487,6C(4%)-4.75C,193.0,0.017072588,32.89614624637684,29.436045,38.093784,10.202011666666658,1.0637294,1.0637447
45,487,6C(4%)-4.75C,194.0,0.016925577,32.91898556666664,29.769815,38.253433,10.113681666666768,1.0637447,1.0635432
45,487,6C(4%)-4.75C,195.0,0.017025558,32.885099323793845,29.640799,38.403576,10.2006733333333,1.0635432,1.0634745
45,487,6C(4%)-4.75C,196.0,0.01699264,33.06581468583338,29.755552,38.581924,10.116624999999962,1.0634745,1.0633785
45,487,6C(4%)-4.75C,197.0,0.016914066,33.12415916309731,30.054197,38.550842,10.19919000000009,1.0633785,1.0630791
45,487,6C(4%)-4.75C,198.0,0.016982237,33.06328972016137,29.946081,38.339626,10.119276666666702,1.0630791,1.0628778
45,487,6C(4%)-4.75C,199.0,0.017108133,33.04110445401821,29.722086,38.633194,10.205344999999943,1.0628778,1.0627875
45,487,6C(4%)-4.75C,200.0,0.017001372,33.01270617986803,29.897404,38.363224,10.20286500000002,1.0627875,1.0626514
45,487,6C(4%)-4.75C,201.0,0.017055312,32.93265298857141,29.593372,38.429184,10.205541666666734,1.0626514,1.0627056
45,487,6C(4%)-4.75C,202.0,0.017039539,33.03400566152597,29.811691,38.450016,10.11955666666666,1.0627056,1.0623486
45,487,6C(4%)-4.75C,203.0,0.017032634,32.99463266970951,29.661886,38.2803,10.121130000000024,1.0623486,1.0622874
45,487,6C(4%)-4.75C,204.0,0.017109923,32.90013282764224,29.414225,38.634674,10.12300499999983,1.0622874,1.0622962
45,487,6C(4%)-4.75C,205.0,0.017009085,33.06947095057654,30.172911,38.794033,10.120703333333465,1.0622962,1.0620577
45,487,6C(4%)-4.75C,206.0,0.016974598,33.14063292155234,30.053715,38.692932,10.122649999999945,1.0620577,1.0618548
45,487,6C(4%)-4.75C,207.0,0.017013678,33.11678559216008,30.114225,38.747231,10.20861166666679,1.0618548,1.0619813
45,487,6C(4%)-4.75C,208.0,0.016967123,33.36621636175494,30.307064,38.864563,10.122996666666586,1.0619813,1.0616283
45,487,6C(4%)-4.75C,209.0,0.017014371,33.12093806219709,29.871185,38.706024,10.12446833333379,1.0616283,1.0614904
45,487,6C(4%)-4.75C,210.0,0.017005915,33.11741708184758,29.957373,39.001614,10.125678333333052,1.0614904,1.0614597
45,487,6C(4%)-4.75C,211.0,0.016850257,33.291937306874054,30.395552,38.752815,10.207703333333484,1.0614597,1.061029
45,487,6C(4%)-4.75C,212.0,0.016989728,33.09913746852007,30.022095,38.483021,10.213308333332922,1.061029,1.0609568
45,487,6C(4%)-4.75C,213.0,0.017060986,33.13960584048589,29.594999,38.749195,10.213270000000193,1.0609568,1.0609306
45,487,6C(4%)-4.75C,214.0,0.016954675,33.300953205086046,30.058937,38.725712,10.206803333333422,1.0609306,1.0606804
45,487,6C(4%)-4.75C,215.0,0.017054869,33.09834877572342,29.726023,38.831741,10.211838333333436,1.0606804,1.0603514
45,487,6C(4%)-4.75C,216.0,0.016968615,33.08015032417576,30.106659,38.88459,10.212594999999661,1.0603514,1.060313
45,487,6C(4%)-4.75C,217.0,0.016977321,33.06551072083329,29.778421,38.559959,10.212185000000074,1.060313,1.0600443
45,487,6C(4%)-4.75C,218.0,0.017012231,32.89939632465419,29.81344,38.650551,10.216383333333457,1.0600443,1.0598787
45,487,6C(4%)-4.75C,219.0,0.01699893,33.09503459983901,29.927837,39.129837,10.137983333333008,1.0598787,1.059865
45,487,6C(4%)-4.75C,220.0,0.016979625,33.24794068699841,30.037071,38.853703,10.215941666666671,1.059865,1.0596231
45,487,6C(4%)-4.75C,221.0,0.016990807,33.09213809685226,30.002314,38.785065,10.218823333333422,1.0596231,1.0595292
45,487,6C(4%)-4.75C,222.0,0.017002841,33.28321474577634,30.211708,38.91161,10.140196666666695,1.0595292,1.059332
45,487,6C(4%)-4.75C,223.0,0.017016243,33.154526427066386,29.792788,38.702175,10.135681666666642,1.059332,1.0590861
45,487,6C(4%)-4.75C,224.0,0.017035862,33.006814177485616,29.945995,38.727024,10.221918333332967,1.0590861,1.0590488
45,487,6C(4%)-4.75C,225.0,0.01702377,33.14930554377498,30.179157,38.727833,10.14625500000014,1.0590488,1.0587339
45,487,6C(4%)-4.75C,226.0,0.016991375,33.0114168383758,29.848818,38.605881,10.224181666666603,1.0587339,1.0585568
45,487,6C(4%)-4.75C,227.0,0.017045923,32.91069724315619,29.662785,38.496048,10.226063333332908,1.0585568,1.0587207
45,487,6C(4%)-4.75C,228.0,0.017038237,33.111024008143396,29.84366,38.822449,10.141038333333563,1.0587207,1.0583695
45,487,6C(4%)-4.75C,229.0,0.017056795,33.01898547941889,29.614931,38.793129,10.142183333333621,1.0583695,1.0582265
45,487,6C(4%)-4.75C,230.0,0.017000068,33.13333407160303,30.224174,38.928288,10.22761500000003,1.0582265,1.0583454
45,487,6C(4%)-4.75C,231.0,0.016946374,33.44986975344688,30.11669,38.968723,10.143568333333436,1.0583454,1.0579001
45,487,6C(4%)-4.75C,232.0,0.017018477,33.17229833708762,29.895489,38.975403,10.228899999999946,1.0579001,1.0577108
45,487,6C(4%)-4.75C,233.0,0.017011879,33.23447918774859,30.055965,38.980659,10.23040333333338,1.0577108,1.0577395
45,487,6C(4%)-4.75C,234.0,0.016890459,33.41950268233387,30.233776,39.081013,10.225608333333609,1.0577395,1.0573047
45,487,6C(4%)-4.75C,235.0,0.016962955,33.21353066801613,30.122955,38.655102,10.233048333333379,1.0573047,1.0571976
45,487,6C(4%)-4.75C,236.0,0.017101845,33.290045423701365,29.592049,38.856731,10.239331666666839,1.0571976,1.057196
45,487,6C(4%)-4.75C,237.0,0.016992243,33.42282914238957,29.929329,38.95842,10.228966666666384,1.057196,1.0569068
45,487,6C(4%)-4.75C,238.0,0.017037669,33.241654445990115,29.780256,39.084587,10.234916666666686,1.0569068,1.0566932
45,487,6C(4%)-4.75C,239.0,0.017027451,33.30462589533937,30.084307,39.312336,10.233036666666642,1.0566932,1.0565273
45,487,6C(4%)-4.75C,240.0,0.016998885,33.268914196160225,29.994625,38.899662,10.151620000000305,1.0565273,1.0561854
45,487,6C(4%)-4.75C,241.0,0.017039008,33.03831491859541,29.63892,38.46143,10.241211666666883,1.0561854,1.0561619
45,487,6C(4%)-4.75C,242.0,0.017158048,33.06216643303211,29.615479,38.773422,10.24303000000024,1.0561619,1.0560005
45,487,6C(4%)-4.75C,243.0,0.017030023,33.09476954123285,29.631231,38.708427,10.155116666666194,1.0560005,1.0558555
45,487,6C(4%)-4.75C,244.0,0.017069194,33.12056559268084,29.66975,39.07206,10.15753000000065,1.0558555,1.0558302
45,487,6C(4%)-4.75C,245.0,0.016992677,33.36372315977752,30.222662,39.114407,10.155561666666957,1.0558302,1.0555446
45,487,6C(4%)-4.75C,246.0,0.016994389,33.34914223304062,29.989237,38.996685,10.242256666666556,1.0555446,1.0552179
45,487,6C(4%)-4.75C,247.0,0.017069682,33.17384036787149,29.646051,38.627666,10.163570000000375,1.0552179,1.0552996
45,487,6C(4%)-4.75C,248.0,0.017079927,33.274254303054676,29.979555,39.074306,10.158889999999277,1.0552996,1.0517976
45,487,6C(4%)-4.75C,249.0,0.018620443,33.029993634276956,29.703806,38.904896,10.16183000000019,1.0517976,1.0527713
45,487,6C(4%)-4.75C,250.0,0.017058689,33.32710155189062,29.688902,39.254921,10.249321666667432,1.0527713,1.0531676
45,487,6C(4%)-4.75C,251.0,0.016940953,33.37066732159631,30.254862,39.045956,10.244966666666247,1.0531676,1.053133
45,487,6C(4%)-4.75C,252.0,0.016948361,33.32859240097396,29.865049,39.087006,10.24730166666656,1.053133,1.0530925
45,487,6C(4%)-4.75C,253.0,0.016971409,33.31320800000002,29.939432,39.24754,10.248550000000007,1.0530925,1.0532509
45,487,6C(4%)-4.75C,254.0,0.016835565,33.418760775999964,30.038885,39.080063,10.245218333333225,1.0532509,1.0530118
45,487,6C(4%)-4.75C,255.0,0.016991619,33.27957136305732,29.663887,39.100254,10.248531666666773,1.0530118,1.0528601
45,487,6C(4%)-4.75C,256.0,0.01700943,33.24016863873513,29.856281,39.296879,10.250471666666757,1.0528601,1.0528828
45,487,6C(4%)-4.75C,257.0,0.016903777,33.30778073120004,29.988409,39.026203,10.252584999999575,1.0528828,1.0525631
45,487,6C(4%)-4.75C,258.0,0.017023774,33.081269451043376,29.654072,38.795666,10.17256499999979,1.0525631,1.052452
45,487,6C(4%)-4.75C,259.0,0.01700733,33.12270817492005,29.89113,39.482719,10.259256666666866,1.052452,1.0525653
45,487,6C(4%)-4.75C,260.0,0.016917175,33.30455790515128,29.935633,39.002068,10.252740000000147,1.0525653,1.0523958
45,487,6C(4%)-4.75C,261.0,0.017030664,33.18783459546933,29.742426,39.120441,10.256538333333447,1.0523958,1.052166
45,487,6C(4%)-4.75C,262.0,0.016986582,33.303591142063574,30.170851,39.291603,10.258138333333772,1.052166,1.0521402
45,487,6C(4%)-4.75C,263.0,0.016954057,33.42959723529401,29.710653,39.001854,10.257139999999588,1.0521402,1.0518837
45,487,6C(4%)-4.75C,264.0,0.017044904,33.18722055961847,29.647421,39.074341,10.261408333332898,1.0518837,1.0516474
45,487,6C(4%)-4.75C,265.0,0.017016044,33.266601534810164,30.190683,39.388943,10.17847166666664,1.0516474,1.0515729
45,487,6C(4%)-4.75C,266.0,0.017010601,33.28258676171561,29.74897,39.075283,10.17771833333342,1.0515729,1.0513024
45,487,6C(4%)-4.75C,267.0,0.017025812,33.12764478888888,29.774199,39.011623,10.266104999999516,1.0513024,1.0511727
45,487,6C(4%)-4.75C,268.0,0.017058846,33.226804248018986,29.833382,39.135483,10.2731666666669,1.0511727,1.051031
45,487,6C(4%)-4.75C,269.0,0.017037356,33.17127775862077,29.679565,38.970303,10.267399999999906,1.051031,1.0508713
45,487,6C(4%)-4.75C,270.0,0.017042696,33.25373091862275,29.9729,39.050312,10.189140000000286,1.0508713,1.0509181
45,487,6C(4%)-4.75C,271.0,0.017050667,33.48783912430281,30.368795,39.413162,10.280728333332808,1.0509181,1.0506579
45,487,6C(4%)-4.75C,272.0,0.017002452,33.42779898459041,29.946163,39.224453,10.18574666666682,1.0506579,1.0504073
45,487,6C(4%)-4.75C,273.0,0.017036539,33.30946235730853,30.019606,38.983807,10.275351666666877,1.0504073,1.0504848
45,487,6C(4%)-4.75C,274.0,0.01700528,33.52616292012541,30.243502,39.251934,10.277791666666356,1.0504848,1.0500987
45,487,6C(4%)-4.75C,275.0,0.017041005,33.40760662890628,29.925022,39.219105,10.19179666666605,1.0500987,1.0498481
45,487,6C(4%)-4.75C,276.0,0.017041005,33.339675194250205,30.138874,38.966312,10.27992,1.0498481,1.0499157
45,487,6C(4%)-4.75C,277.0,0.016973171,33.58052311041012,30.376776,39.298084,10.199023333333328,1.0499157,1.0494665
45,487,6C(4%)-4.75C,278.0,0.017036475,33.352859766384,30.058048,38.739246,10.202469999999995,1.0494665,1.0492686
45,487,6C(4%)-4.75C,279.0,0.017133424,33.30504830853565,29.585756,38.843582,10.29129166666665,1.0492686,1.0493107
45,487,6C(4%)-4.75C,280.0,0.017006423,33.52798347903716,29.931919,39.044071,10.274353333333329,1.0493107,1.04893
45,487,6C(4%)-4.75C,281.0,0.017107403,33.160936688281254,29.659662,38.806755,10.287074999999943,1.04893,1.0486804
45,487,6C(4%)-4.75C,282.0,0.017115176,33.18899070909085,29.573494,38.782341,10.289729999999993,1.0486804,1.0486287
45,487,6C(4%)-4.75C,283.0,0.017034728,33.34835364473688,29.834044,38.844425,10.287031666666675,1.0486287,1.0483762
45,487,6C(4%)-4.75C,284.0,0.017119221,33.22301403912373,29.577238,38.751232,10.294225000000006,1.0483762,1.0483066
45,487,6C(4%)-4.75C,285.0,0.017177746,33.43271821953123,29.695728,39.365246,10.28968500000004,1.0483066,1.0481164
45,487,6C(4%)-4.75C,286.0,0.017054452,33.40385161042943,29.825396,39.063511,10.203661666666692,1.0481164,1.0477927
45,487,6C(4%)-4.75C,287.0,0.017170843,33.34377270086819,29.587124,39.102936,10.295868333333297,1.0477927,1.0476357
45,487,6C(4%)-4.75C,288.0,0.017094949,33.38789636342413,29.802925,39.106087,10.29059166666666,1.0476357,1.047381
45,487,6C(4%)-4.75C,289.0,0.01712276,33.34655964916462,29.834707,38.977238,10.299741666666645,1.047381,1.0470623
45,487,6C(4%)-4.75C,290.0,0.017116293,33.214898223694455,29.764057,38.78944,10.223131666666571,1.0470623,1.047098
45,487,6C(4%)-4.75C,291.0,0.017098632,33.40843706269591,30.202108,39.229916,10.309823333333407,1.047098,1.0467346
45,487,6C(4%)-4.75C,292.0,0.017098449,33.26520866586933,29.712296,38.944302,10.305155000000013,1.0467346,1.0464498
45,487,6C(4%)-4.75C,293.0,0.017148472,33.178604921093765,29.5651,38.948418,10.3090883333333,1.0464498,1.0465956
45,487,6C(4%)-4.75C,294.0,0.017058663,33.53381971338578,30.036657,39.205181,10.294066666666671,1.0465956,1.0462111
45,487,6C(4%)-4.75C,295.0,0.017066611,33.4740981305361,29.928059,39.099014,10.308288333333378,1.0462111,1.0459887
45,487,6C(4%)-4.75C,296.0,0.017118763,33.44470813503084,29.750404,39.343853,10.226610000000074,1.0459887,1.0459274
45,487,6C(4%)-4.75C,297.0,0.01695472,33.63366546260604,30.062923,39.36586,10.29931333333346,1.0459274,1.0455657
45,487,6C(4%)-4.75C,298.0,0.017120592,33.45135484650811,29.598537,39.341118,10.308673333333234,1.0455657,1.0453019
45,487,6C(4%)-4.75C,299.0,0.017112307,33.491006138230716,29.79385,39.784988,10.2249533333333,1.0453019,1.045199
45,487,6C(4%)-4.75C,300.0,0.017071404,33.68168786542924,29.945013,39.312012,10.222408333333199,1.045199,1.0448668
45,487,6C(4%)-4.75C,301.0,0.017141633,33.495591389723366,29.709955,39.425632,10.317636666666658,1.0448668,1.0445602
45,487,6C(4%)-4.75C,302.0,0.01708116,33.52432537405164,30.056429,39.615211,10.317793333333247,1.0445602,1.0444014
45,487,6C(4%)-4.75C,303.0,0.017067337,33.52939106163326,29.851339,39.306927,10.317725000000063,1.0444014,1.044063
45,487,6C(4%)-4.75C,304.0,0.017125048,33.40172506671781,29.856358,39.395435,10.243198333333323,1.044063,1.0438088
45,487,6C(4%)-4.75C,305.0,0.017079253,33.474243331509015,29.890352,39.403149,10.249118333333415,1.0438088,1.0436045
45,487,6C(4%)-4.75C,306.0,0.017172761,33.28724692401221,29.46829,39.126801,10.238024999999956,1.0436045,1.0433865
45,487,6C(4%)-4.75C,307.0,0.017230624,33.31901312952973,29.47974,39.39407,10.246486666666653,1.0433865,1.0432495
45,487,6C(4%)-4.75C,308.0,0.017185604,33.460217365116335,30.120369,39.284081,10.331514999999975,1.0432495,1.0429437
45,487,6C(4%)-4.75C,309.0,0.017172744,33.45431209969089,29.732235,39.246048,10.254051666666783,1.0429437,1.0426701
45,487,6C(4%)-4.75C,310.0,0.017170921,33.37992365928188,29.764904,39.65995,10.339674999999989,1.0426701,1.0425651
45,487,6C(4%)-4.75C,311.0,0.017029647,33.620736587732914,29.899849,39.411171,10.243628333333133,1.0425651,1.0421263
45,487,6C(4%)-4.75C,312.0,0.017207092,33.383844553013034,29.604033,39.082569,10.344011666666484,1.0421263,1.0414841
45,487,6C(4%)-4.75C,313.0,0.017248672,33.38812705295956,29.497465,39.440102,10.264081666666607,1.0414841,1.0416745
45,487,6C(4%)-4.75C,314.0,0.017094875,33.50368653379425,29.913733,39.34827,10.259570000000046,1.0416745,1.0412679
45,487,6C(4%)-4.75C,315.0,0.01720698,33.348784473765534,29.673841,39.578754,10.350433333333543,1.0412679,1.0409092
45,487,6C(4%)-4.75C,316.0,0.017144233,33.375318746404375,29.929247,40.050213,10.274993333333502,1.0409092,1.0407633
45,487,6C(4%)-4.75C,317.0,0.017143909,33.52947960294118,29.736252,39.381737,10.349508333333263,1.0407633,1.0404495
45,487,6C(4%)-4.75C,318.0,0.017199766,33.42613465498444,29.878679,39.592167,10.276944999999735,1.0404495,1.0400994
45,487,6C(4%)-4.75C,319.0,0.017113248,33.558206053423625,30.252424,39.788898,10.366133333333226,1.0400994,1.0399835
45,487,6C(4%)-4.75C,320.0,0.0171254,33.67217935075767,30.055845,39.583138,10.359338333333532,1.0399835,1.0396433
45,487,6C(4%)-4.75C,321.0,0.017193781,33.537772734224156,29.965878,39.641006,10.366449999999896,1.0396433,1.0393496
45,487,6C(4%)-4.75C,322.0,0.017160317,33.58924932896767,30.049162,39.721268,10.375291666666937,1.0393496,1.0389228
45,487,6C(4%)-4.75C,323.0,0.017187513,33.67098178274261,29.823303,39.616592,10.282335000000119,1.0389228,1.0387753
45,487,6C(4%)-4.75C,324.0,0.017215133,33.51138153034897,29.883581,39.828671,10.286659999999877,1.0387753,1.0385026
45,487,6C(4%)-4.75C,325.0,0.017163252,33.546051755319084,30.27824,39.575352,10.383448333332975,1.0385026,1.0380385
45,487,6C(4%)-4.75C,326.0,0.017186252,33.51864886415092,29.833368,39.468102,10.29531500000012,1.0380385,1.0377384
45,487,6C(4%)-4.75C,327.0,0.017199803,33.406462729646606,29.919765,39.294586,10.38964833333351,1.0377384,1.0372833
45,487,6C(4%)-4.75C,328.0,0.017154213,33.663591560754696,30.165546,39.549973,10.30764500000029,1.0372833,1.0371641
45,487,6C(4%)-4.75C,329.0,0.017274857,33.547998898473296,29.750319,39.605587,10.39059166666654,1.0371641,1.036809
45,487,6C(4%)-4.75C,330.0,0.017265506,33.420343190584624,29.76264,39.636383,10.311903333333612,1.036809,1.0364543
45,487,6C(4%)-4.75C,331.0,0.017192749,33.52269335714298,30.03064,39.406322,10.398669999999887,1.0364543,1.0361905
45,487,6C(4%)-4.75C,332.0,0.017306861,33.40887456121664,29.863426,39.529221,10.32260833333324,1.0361905,1.0358024
45,487,6C(4%)-4.75C,333.0,0.017244222,33.45680456123223,30.127729,40.031967,10.414730000000175,1.0358024,1.0356956
45,487,6C(4%)-4.75C,334.0,0.017212244,33.71576070067009,29.900362,39.556278,10.308573333333577,1.0356956,1.0351548
45,487,6C(4%)-4.75C,335.0,0.017360771,33.49073030227269,29.668999,39.643681,10.323796666666263,1.0351548,1.0347601
45,487,6C(4%)-4.75C,336.0,0.017263135,33.42886089166676,29.707623,39.542492,10.411131666666673,1.0347601,1.0345185
45,487,6C(4%)-4.75C,337.0,0.017285081,33.451328407322684,29.695463,39.33963,10.416486666666849,1.0345185,1.033777
45,487,6C(4%)-4.75C,338.0,0.017359355,33.36918772611936,29.505768,39.393631,10.42616333333329,1.033777,1.0338002
45,487,6C(4%)-4.75C,339.0,0.017387811,33.40881200076227,29.714296,39.431255,10.344001666666978,1.0338002,1.0333232
45,487,6C(4%)-4.75C,340.0,0.017327663,33.463179177927955,29.838348,39.434299,10.347558333333291,1.0333232,1.0330164
45,487,6C(4%)-4.75C,341.0,0.017381212,33.35008378681316,29.636654,39.37199,10.356796666666924,1.0330164,1.0327965
45,487,6C(4%)-4.75C,342.0,0.017352303,33.40441576744193,30.056665,39.574879,10.446886666666735,1.0327965,1.0324544
45,487,6C(4%)-4.75C,343.0,0.017369434,33.58751290875377,29.688545,39.575687,10.438783333333655,1.0324544,1.0320631
45,487,6C(4%)-4.75C,344.0,0.017394211,33.550100266866544,29.761942,39.81815,10.44390333333334,1.0320631,1.0319036
45,487,6C(4%)-4.75C,345.0,0.01723971,33.755692983520596,29.992796,39.588299,10.342263333333054,1.0319036,1.0311302
45,487,6C(4%)-4.75C,346.0,0.017418906,33.64215221316375,29.583132,39.575687,10.4451350000003,1.0311302,1.03105
45,487,6C(4%)-4.75C,347.0,0.017457109,33.54190653307987,29.428114,39.684864,10.36431333333312,1.03105,1.0304736
45,487,6C(4%)-4.75C,348.0,0.017272212,33.81598439740665,30.023607,39.563931,10.447233333333376,1.0304736,1.029582
45,487,6C(4%)-4.75C,349.0,0.017404126,33.618975589685974,29.70731,39.596138,10.464051666666638,1.029582,1.0294582
45,487,6C(4%)-4.75C,350.0,0.01740548,33.695949106656535,29.846035,40.259056,10.38305166666687,1.0294582,1.0294567
45,487,6C(4%)-4.75C,351.0,0.017327592,33.77547691304354,29.888256,39.550713,10.375643333333816,1.0294567,1.0289719
45,487,6C(4%)-4.75C,352.0,0.017404223,33.56899803947362,29.697529,39.68935,10.474983333333512,1.0289719,1.0284141
45,487,6C(4%)-4.75C,353.0,0.017424166,33.53720744044945,29.692017,39.884811,10.47934499999974,1.0284141,1.028181
45,487,6C(4%)-4.75C,354.0,0.017349528,33.58935468185212,29.697687,39.477852,10.392946666667315,1.028181,1.0275638
45,487,6C(4%)-4.75C,355.0,0.017483873,33.4906990937734,29.534933,39.619293,10.411173333333378,1.0275638,1.0273559
45,487,6C(4%)-4.75C,356.0,0.017481565,33.611229396212686,29.743473,39.687553,10.495088333333843,1.0273559,1.0268821
45,487,6C(4%)-4.75C,357.0,0.017491562,33.645461522812276,29.773054,39.424175,10.412311666666453,1.0268821,1.0264138
45,487,6C(4%)-4.75C,358.0,0.017495748,33.595545603623236,29.604704,39.562477,10.512243333332783,1.0264138,1.025946
45,487,6C(4%)-4.75C,359.0,0.017504124,33.79369467886487,30.18512,39.626854,10.509156666666968,1.025946,1.0249636
45,487,6C(4%)-4.75C,360.0,0.017510202,33.55828492802453,29.71393,39.479473,10.518503333333259,1.0249636,1.0246997
45,487,6C(4%)-4.75C,361.0,0.017547395,33.42569905705709,29.505386,39.75378,10.526206666666743,1.0246997,1.0242848
45,487,6C(4%)-4.75C,362.0,0.017402653,33.68845600000008,29.813467,39.622238,10.508026666666654,1.0242848,1.0233489
45,487,6C(4%)-4.75C,363.0,0.017576676,33.53834082322094,29.651939,39.805122,10.450318333332932,1.0233489,1.0233032
45,487,6C(4%)-4.75C,364.0,0.017468601,33.48275577039716,29.807861,39.743019,10.460893333333662,1.0233032,1.022426
45,487,6C(4%)-4.75C,365.0,0.017428115,33.75588275952202,29.927195,39.624825,10.544909999999799,1.022426,1.0220034
45,487,6C(4%)-4.75C,366.0,0.017534139,33.561939336343144,29.926472,39.541927,10.562690000000293,1.0220034,1.0218424
45,487,6C(4%)-4.75C,367.0,0.017571051,33.69086909552242,29.792269,39.784363,10.572849999999743,1.0218424,1.0211549
45,487,6C(4%)-4.75C,368.0,0.017474925,33.9970223861757,30.166756,39.896072,10.460719999999856,1.0211549,1.0211161
45,487,6C(4%)-4.75C,369.0,0.017524544,33.703224834323905,30.038828,39.981808,10.56810000000017,1.0211161,1.0203375
45,487,6C(4%)-4.75C,370.0,0.017503539,33.69546792370373,29.995457,39.706085,10.51331666666665,1.0203375,1.0199106
45,487,6C(4%)-4.75C,371.0,0.017506303,33.78500497323429,30.135759,39.776501,10.499571666666695,1.0199106,1.0191665
45,487,6C(4%)-4.75C,372.0,0.017580193,33.65805348128744,30.109726,39.465343,10.605236666667043,1.0191665,1.0186377
45,487,6C(4%)-4.75C,373.0,0.017637495,33.801001668141566,29.992455,40.028576,10.537653333333825,1.0186377,1.0182788
45,487,6C(4%)-4.75C,374.0,0.017583719,33.83775669992606,29.966715,39.748791,10.515628333333492,1.0182788,1.0176072
45,487,6C(4%)-4.75C,375.0,0.017601365,33.60680971845367,30.027094,39.647106,10.615391666667225,1.0176072,1.0172496
45,487,6C(4%)-4.75C,376.0,0.01761076,33.65985201602325,30.20553,39.774067,10.650061666666685,1.0172496,1.0164866
45,487,6C(4%)-4.75C,377.0,0.017624322,33.659473378238374,29.76754,39.547691,10.54360666666665,1.0164866,1.0158569
45,487,6C(4%)-4.75C,378.0,0.017634042,33.45800668537665,29.773714,39.391403,10.55833500000008,1.0158569,1.0154686
45,487,6C(4%)-4.75C,379.0,0.017568944,33.62485398184451,30.217772,39.912373,10.582143333333079,1.0154686,1.0149311
45,487,6C(4%)-4.75C,380.0,0.017638601,33.722707181686026,29.924496,39.716377,10.650663333333796,1.0149311,1.0142292
45,487,6C(4%)-4.75C,381.0,0.017652132,33.65298560190626,30.109735,39.741169,10.670778333333631,1.0142292,1.0136858
45,487,6C(4%)-4.75C,382.0,0.017637044,33.909049141911744,30.260429,39.898472,10.670778333333631,1.0136858,1.0128326
45,487,6C(4%)-4.75C,383.0,0.017732209,33.792342867713,30.022572,39.845425,10.675076666666662,1.0128326,1.0123131
45,487,6C(4%)-4.75C,384.0,0.017721387,33.566264615274854,29.919256,39.675907,10.698996666666668,1.0123131,1.0117203
45,487,6C(4%)-4.75C,385.0,0.017657772,33.74102210688138,30.052032,39.768456,10.702366666666665,1.0117203,1.0106089
45,487,6C(4%)-4.75C,386.0,0.017727075,33.517961662499935,29.923946,39.526299,10.717590000000019,1.0106089,1.0102843
45,487,6C(4%)-4.75C,387.0,0.017757725,33.486229018063604,29.787588,39.736473,10.661799999999978,1.0102843,1.0095264
45,487,6C(4%)-4.75C,388.0,0.017755615,33.73700131322687,29.848686,39.842098,10.638616666666652,1.0095264,1.0090436
45,487,6C(4%)-4.75C,389.0,0.017809633,33.59982328333338,29.722019,39.868412,10.738916666666652,1.0090436,1.0083739
45,487,6C(4%)-4.75C,390.0,0.017825793,33.6564370400286,29.69211,39.851212,10.662464999999974,1.0083739,1.0079908
45,487,6C(4%)-4.75C,391.0,0.017760172,33.93414934865058,30.014997,39.843349,10.742693333333348,1.0079908,1.0071499
45,487,6C(4%)-4.75C,392.0,0.017792696,33.778897919308406,29.899462,39.916542,10.684846666666756,1.0071499,1.0063982
45,487,6C(4%)-4.75C,393.0,0.01776699,33.94284692109041,30.127714,40.206097,10.786516666666648,1.0063982,1.0059452
45,487,6C(4%)-4.75C,394.0,0.017755294,34.00978724546119,30.111753,39.985176,10.779943333333359,1.0059452,1.0053101
45,487,6C(4%)-4.75C,395.0,0.017797651,33.893245673976736,30.078598,39.96714,10.799714999999924,1.0053101,1.0046465
45,487,6C(4%)-4.75C,396.0,0.017798014,33.92535566131378,30.073967,40.334263,10.826145000000057,1.0046465,1.0038038
45,487,6C(4%)-4.75C,397.0,0.017834196,34.0037189877698,29.936323,40.0686,10.72519999999992,1.0038038,1.0027567
45,487,6C(4%)-4.75C,398.0,0.01787881,33.921162131560045,30.005924,40.1502,10.746404999999989,1.0027567,1.0023441
45,487,6C(4%)-4.75C,399.0,0.017863609,33.99215383489542,30.247858,40.062977,10.687525000000097,1.0023441,1.0016844
45,487,6C(4%)-4.75C,400.0,0.017882867,33.91374591039434,29.744749,39.893936,10.768141666666633,1.0016844,1.0008631
45,487,6C(4%)-4.75C,401.0,0.017977327,33.84344484763323,29.776354,40.037292,10.786710000000069,1.0008631,1.0002245
45,487,6C(4%)-4.75C,402.0,0.017882088,33.96335959149853,30.141674,40.059402,10.809070000000066,1.0002245,0.99923718
45,487,6C(4%)-4.75C,403.0,0.01795567,33.76234938122743,29.860792,39.591621,10.901224999999977,0.99923718,0.9983229
45,487,6C(4%)-4.75C,404.0,0.017986789,33.75583255837556,29.888096,39.397511,10.935419999999915,0.9983229,0.99789572
45,487,6C(4%)-4.75C,405.0,0.018026194,34.0237741235795,30.21327,39.845623,10.950071666666675,0.99789572,0.99682009
45,487,6C(4%)-4.75C,406.0,0.018000074,33.90431773254196,29.912098,39.701229,10.860848333333221,0.99682009,0.99606323
45,487,6C(4%)-4.75C,407.0,0.018058153,33.84693531214694,29.941059,39.798717,10.884705000000151,0.99606323,0.99541765
45,487,6C(4%)-4.75C,408.0,0.017991131,34.056421732758565,30.102463,39.857117,10.981544999999945,0.99541765,0.99453425
45,487,6C(4%)-4.75C,409.0,0.018064074,33.79608984598701,29.726999,39.705391,10.920704999999968,0.99453425,0.99353951
45,487,6C(4%)-4.75C,410.0,0.018117992,33.7271623224234,29.607313,39.649502,11.034718333333391,0.99353951,0.99274629
45,487,6C(4%)-4.75C,411.0,0.018036829,33.87973286357146,29.871466,39.963257,11.017074999999993,0.99274629,0.99201083
45,487,6C(4%)-4.75C,412.0,0.018137509,33.74800410396039,29.796926,39.970764,10.977803333333334,0.99201083,0.99073875
45,487,6C(4%)-4.75C,413.0,0.018099876,33.76732922037567,29.955463,40.099976,11.102953333333183,0.99073875,0.98987705
45,487,6C(4%)-4.75C,414.0,0.018149175,33.95374147168467,29.863895,39.726677,11.000048333333204,0.98987705,0.98913836
45,487,6C(4%)-4.75C,415.0,0.018204534,33.83450748482704,29.859327,39.842049,11.125340000000142,0.98913836,0.98838097
45,487,6C(4%)-4.75C,416.0,0.01818566,33.95401284989424,30.02113,39.980686,11.069746666666711,0.98838097,0.98751342
45,487,6C(4%)-4.75C,417.0,0.01811848,34.17463303781514,30.190115,40.104679,11.06243333333332,0.98751342,0.98628038
45,487,6C(4%)-4.75C,418.0,0.018216139,33.96654762160291,30.129572,39.893955,11.180401666666633,0.98628038,0.98530972
45,487,6C(4%)-4.75C,419.0,0.018255625,34.091621093249785,30.057686,40.13361,11.143341666666675,0.98530972,0.98439485
45,487,6C(4%)-4.75C,420.0,0.018182019,34.181027869901484,30.137274,39.944904,11.221365000000029,0.98439485,0.98334295
45,487,6C(4%)-4.75C,421.0,0.018294157,33.99156612456018,29.872168,39.971111,11.258580000000075,0.98334295,0.9824574
45,487,6C(4%)-4.75C,422.0,0.018344734,34.14395705586995,29.970339,40.326458,11.188796666666653,0.9824574,0.9811759
45,487,6C(4%)-4.75C,423.0,0.018288855,34.133272585604495,29.996098,40.103966,11.276301666666404,0.9811759,0.98009443
45,487,6C(4%)-4.75C,424.0,0.018309187,33.970897560857544,30.172506,39.972847,11.325406666666579,0.98009443,0.97925854
45,487,6C(4%)-4.75C,425.0,0.018273503,34.065778861738586,30.229813,40.081551,11.370633333333535,0.97925854,0.97785676
45,487,6C(4%)-4.75C,426.0,0.018352002,33.96337802506964,29.737921,39.659405,11.38043666666684,0.97785676,0.97668886
45,487,6C(4%)-4.75C,427.0,0.018456703,33.87913169034484,29.62002,39.891033,11.416821666666753,0.97668886,0.97577351
45,487,6C(4%)-4.75C,428.0,0.018418992,34.00357984184741,30.1984,40.188976,11.436329999999725,0.97577351,0.97456598
45,487,6C(4%)-4.75C,429.0,0.018425677,34.031819555096455,29.85803,40.177258,11.383433333333233,0.97456598,0.97318405
45,487,6C(4%)-4.75C,430.0,0.018457897,34.12400685694638,30.046362,40.146847,11.41532833333331,0.97318405,0.97234344
45,487,6C(4%)-4.75C,431.0,0.018322133,34.33553734803926,30.438072,40.336979,11.452871666666761,0.97234344,0.97087157
45,487,6C(4%)-4.75C,432.0,0.018470407,34.253152675599395,30.146065,40.121979,11.473084999999749,0.97087157,0.96967822
45,487,6C(4%)-4.75C,433.0,0.018496912,33.93437805212615,30.001305,39.895241,11.627231666666436,0.96967822,0.96829373
45,487,6C(4%)-4.75C,434.0,0.018503927,34.16009876949853,30.0781,40.137539,11.646919999999712,0.96829373,0.96695977
45,487,6C(4%)-4.75C,435.0,0.01855021,33.94607022636307,29.93362,39.905586,11.68851666666645,0.96695977,0.96559525
45,487,6C(4%)-4.75C,436.0,0.01856626,33.839781253924876,29.836885,39.679615,11.756660000000071,0.96559525,0.9645524
45,487,6C(4%)-4.75C,437.0,0.018556684,34.057736772229866,30.057352,40.044552,11.773779999999777,0.9645524,0.96300101
45,487,6C(4%)-4.75C,438.0,0.01865414,33.99836187037054,29.949001,39.84914,11.716213333333629,0.96300101,0.96171367
45,487,6C(4%)-4.75C,439.0,0.018681759,33.92645539807825,29.712809,39.639019,11.86392666666652,0.96171367,0.96040857
45,487,6C(4%)-4.75C,440.0,0.018529821,34.26818695873458,30.373009,40.034737,11.886638333333638,0.96040857,0.9589079
45,487,6C(4%)-4.75C,441.0,0.018622646,34.19980816586705,30.079893,39.949631,11.844210000000022,0.9589079,0.95745122
45,487,6C(4%)-4.75C,442.0,0.01873553,34.230415055129136,29.936968,40.268066,11.886221666666582,0.95745122,0.95615697
45,487,6C(4%)-4.75C,443.0,0.01861316,34.45927100680275,30.394423,40.325008,11.869661666666797,0.95615697,0.95463628
45,487,6C(4%)-4.75C,444.0,0.018736828,34.24299393482693,30.074327,40.17696,12.037536666666467,0.95463628,0.95281774
45,487,6C(4%)-4.75C,445.0,0.018712439,34.241916053534645,30.161366,39.696228,12.026084999999632,0.95281774,0.95175117
45,487,6C(4%)-4.75C,446.0,0.018624844,34.456702725170004,30.424128,40.01833,12.12553999999994,0.95175117,0.94999361
45,487,6C(4%)-4.75C,447.0,0.018779576,34.245656534182366,30.096085,39.937344,12.130831666666685,0.94999361,0.94840461
45,487,6C(4%)-4.75C,448.0,0.018892668,34.15697699524135,29.972439,40.004395,12.190333333333061,0.94840461,0.94694281
45,487,6C(4%)-4.75C,449.0,0.018820893,34.4471799075975,30.289204,40.290493,12.176326666666622,0.94694281,0.94535685
45,487,6C(4%)-4.75C,450.0,0.018903952,34.09184063753388,30.15942,39.862495,12.285045000000293,0.94535685,0.94326329
45,487,6C(4%)-4.75C,451.0,0.018905869,34.129381097289844,29.861269,39.595226,12.39979666666671,0.94326329,0.94190699
45,487,6C(4%)-4.75C,452.0,0.018881397,34.3313302949591,30.26512,40.029575,12.446226666666432,0.94190699,0.94002515
45,487,6C(4%)-4.75C,453.0,0.018973241,34.16021000136985,30.067297,39.892769,12.56904666666669,0.94002515,0.93824714
45,487,6C(4%)-4.75C,454.0,0.018961439,34.230505065040575,29.829105,39.959904,12.674745000000014,0.93824714,0.93682939
45,487,6C(4%)-4.75C,455.0,0.018899698,34.550147679863514,30.420862,40.170658,12.628939999999906,0.93682939,0.93509007
45,487,6C(4%)-4.75C,456.0,0.019060001,34.38768261869032,30.055321,40.006382,12.682418333333043,0.93509007,0.93326139
45,487,6C(4%)-4.75C,457.0,0.019106891,34.373885959486834,30.19141,40.340038,12.849526666666497,0.93326139,0.93160927
45,487,6C(4%)-4.75C,458.0,0.019031746,34.50385865921407,30.197269,40.058609,12.794438333333042,0.93160927,0.92961127
45,487,6C(4%)-4.75C,459.0,0.019201238,34.23618745677333,29.819393,39.960732,13.016828333333251,0.92961127,0.92789072
45,487,6C(4%)-4.75C,460.0,0.019269252,34.129748306951164,29.980944,39.900036,13.101103333333352,0.92789072,0.92603451
45,487,6C(4%)-4.75C,461.0,0.019123919,34.38028868745669,30.333763,39.910446,13.0722616666666,0.92603451,0.92425901
45,487,6C(4%)-4.75C,462.0,0.019249396,34.158678108548166,29.883545,39.850731,13.29433999999989,0.92425901,0.92250609
45,487,6C(4%)-4.75C,463.0,0.019360738,34.14097123160762,29.860748,39.961063,13.394026666666226,0.92250609,0.92081332
45,487,6C(4%)-4.75C,464.0,0.019233365,34.39334377701791,30.10392,40.078423,13.376473333333463,0.92081332,0.91872567
45,487,6C(4%)-4.75C,465.0,0.019340334,34.2317099138399,29.917252,40.031303,13.499578333333679,0.91872567,0.9169082
45,487,6C(4%)-4.75C,466.0,0.019420216,34.364035488690924,30.262518,39.866295,13.589463333333454,0.9169082,0.91518795
45,487,6C(4%)-4.75C,467.0,0.019312631,34.55224422897202,30.554327,40.339054,13.797741666667086,0.91518795,0.91338426
45,487,6C(4%)-4.75C,468.0,0.019410772,34.52394745466844,30.315512,40.181911,13.829183333333155,0.91338426,0.91162115
45,487,6C(4%)-4.75C,469.0,0.019487159,34.382000124328044,30.090897,40.100224,14.006488333333012,0.91162115,0.90985924
45,487,6C(4%)-4.75C,470.0,0.019523449,34.63495038056127,30.702431,40.45388,14.116171666666439,0.90985924,0.90792286
45,487,6C(4%)-4.75C,471.0,0.019537542,34.54049072278572,30.164635,40.010231,14.258408333333985,0.90792286,0.90581989
45,487,6C(4%)-4.75C,472.0,0.019571289,34.35518095312505,29.939474,40.24073,14.514421666666749,0.90581989,0.90415037
45,487,6C(4%)-4.75C,473.0,0.019638857,34.560420512457966,30.346691,40.219032,14.737981666667231,0.90415037,0.90213746
45,487,6C(4%)-4.75C,474.0,0.019631982,34.52962912491515,30.22757,40.05595,14.884228333334129,0.90213746,0.90065455
45,487,6C(4%)-4.75C,475.0,0.019788302,34.35928726255089,30.091785,40.034252,15.161719999999816,0.90065455,0.89866781
45,487,6C(4%)-4.75C,476.0,0.019836696,34.46296368442627,30.314165,40.222385,15.403744999999374,0.89866781,0.896833
45,487,6C(4%)-4.75C,477.0,0.019801315,34.61420149494263,30.437096,40.027107,15.626745000000422,0.896833,0.8949554
45,487,6C(4%)-4.75C,478.0,0.019906823,34.312637667125145,30.088745,39.963108,16.07683000000058,0.8949554,0.89323282
45,487,6C(4%)-4.75C,479.0,0.020024914,34.30221260827586,30.108126,39.985126,16.440681666666446,0.89323282,0.89152026
45,487,6C(4%)-4.75C,480.0,0.019981407,34.48328648257364,30.269125,40.090164,16.78902666666642,0.89152026,0.88958681
45,487,6C(4%)-4.75C,481.0,0.020143732,34.39775166435032,30.243837,39.776543,17.401601666666103,0.88958681,0.88769054
45,487,6C(4%)-4.75C,482.0,0.020110004,34.319716704498184,29.819529,40.163906,17.977946666666927,0.88769054,0.88613588
45,487,6C(4%)-4.75C,483.0,0.02012543,34.65602291093127,30.516262,39.985981,18.459966666666634,0.88613588,0.88418335
45,487,6C(4%)-4.75C,484.0,0.020319033,34.54052104864864,30.359318,39.945259,19.490850000000016,0.88418335,0.88258481
45,487,6C(4%)-4.75C,485.0,0.020483788,34.1738485534758,29.866201,39.955433,25.59076499999986,0.88258481,0.88047326
45,487,6C(4%)-4.75C,486.0,0.020343054,34.422182250664946,30.287766,40.204582,25.762799999999697,0.88047326,0.87419802
45,487,6C(4%)-4.75C,487.0,0.020468682,34.46353653621171,30.382193,39.816849,20.0,0.87419802,0.87666756
45,487,6C(4%)-4.75C,488.0,0.020558337,34.18926222901271,29.78479,40.027687,20.0,0.87666756,0.8747912
45,487,6C(4%)-4.75C,489.0,0.020561514,34.37265298664897,30.352873,40.018913,20.0,0.8747912,0.87293094
45,487,6C(4%)-4.75C,490.0,0.020561514,34.2618319103968,30.059381,39.866104,20.0,0.87293094,0.87088913
45,487,6C(4%)-4.75C,491.0,0.02061653,34.25201516970916,30.082136,39.78429,20.0,0.87088913,0.86922795
45,487,6C(4%)-4.75C,492.0,0.020647021,34.31600796288935,30.264612,40.285446,20.0,0.86922795,0.86711431
45,487,6C(4%)-4.75C,493.0,0.020555208,34.615108390476145,30.635975,39.936668,20.0,0.86711431,0.86546642
45,487,6C(4%)-4.75C,494.0,0.020588394,34.478390607999955,30.158672,40.262306,20.0,0.86546642,0.86361909
45,487,6C(4%)-4.75C,495.0,0.020660402,34.47693584126991,30.46664,40.119297,20.0,0.86361909,0.86171979
45,487,6C(4%)-4.75C,496.0,0.020617835,34.618865923278655,30.533995,40.089172,20.0,0.86171979,0.85976291
45,487,6C(4%)-4.75C,497.0,0.020639108,34.40211570550161,30.069977,40.323437,20.0,0.85976291,0.8577221
45,487,6C(4%)-4.75C,498.0,0.020727081,34.43435013017346,30.51997,40.203114,20.0,0.8577221,0.85562021
45,487,6C(4%)-4.75C,499.0,0.020666266,34.702006197780705,30.651382,40.096359,20.0,0.85562021,0.85340494
45,487,6C(4%)-4.75C,500.0,0.020795684,34.369359303030286,30.215969,40.122478,20.0,0.85340494,0.85140318
45,487,6C(4%)-4.75C,501.0,0.020838462,34.408974309319134,30.445602,39.682529,20.0,0.85140318,0.84978282
45,487,6C(4%)-4.75C,502.0,0.020785779,34.55552575539569,30.33102,40.204334,20.0,0.84978282,0.84763181
45,487,6C(4%)-4.75C,503.0,0.020797407,34.36932187208537,30.273396,40.179268,20.0,0.84763181,0.8457337
45,487,6C(4%)-4.75C,504.0,0.020992201,34.262185548643274,30.201847,39.741467,20.0,0.8457337,0.84380341
45,487,6C(4%)-4.75C,505.0,0.020739552,34.304759935779884,30.141487,40.425671,20.0,0.84380341,0.84190112
45,487,6C(4%)-4.75C,506.0,0.020908529,34.15419225146206,30.089245,40.066399,20.0,0.84190112,0.83962089
45,487,6C(4%)-4.75C,507.0,0.021150438,34.09310828196717,30.032589,39.556702,20.0,0.83962089,0.83770216
45,487,6C(4%)-4.75C,508.0,0.02095709,34.27171957970072,30.474699,40.098061,20.0,0.83770216,0.83577698
45,487,6C(4%)-4.75C,509.0,0.02100227,34.34110642271509,30.156059,40.040306,20.0,0.83577698,0.83333611
45,487,6C(4%)-4.75C,510.0,0.021178922,34.232933452045664,30.268188,39.516968,20.0,0.83333611,0.83162963
45,487,6C(4%)-4.75C,511.0,0.020926278,34.36514441235732,30.188992,40.477322,20.0,0.83162963,0.82939136
45,487,6C(4%)-4.75C,512.0,0.02105524,34.29950067325425,30.093485,40.260841,20.0,0.82939136,0.82738447
45,487,6C(4%)-4.75C,513.0,0.021211006,34.19961533421065,30.394648,39.486122,20.0,0.82738447,0.82503945
45,487,6C(4%)-4.75C,514.0,0.021297744,34.17731583399207,30.130156,40.195107,20.0,0.82503945,0.82503945
